0,0,0,0,0,0,0,0,0,0,0,0,0,0,0,0,0,0,0,0,0,0,0,0,0,0,0,0,0,0,0,0
0,0,0,0,0,0,0,0,0,0,0,0,0,0,0,0,0,0,0,0,0,0,0,0,0,0,0,0,0,0,0,0
WT7,WT7,WT7,WT7,WT7,WT7,WT7,WT7,WT7,WT7,WT7,WT7,WT7,WT7,WT7,WT7,WT7,WT7,WT7,WT7,WT7,WT7,WT7,WT7,WT7,WT7,WT7,WT7,WT7,WT7,WT7,WT7
WT7,WT7,WT7,WT7,T6,T6,T6,T6,T6,T6,T6,T6,T6,T6,T6,T6,T6,WT7,WT7,WT7,T6,T6,T6,T6,T6,T6,T6,T6,WT7,WT7,WT7,WT7
WT7,WT7,WT7,T6,T6,T6,T6,WT7,T6,T6,T6,T6,T6,T6,T6,T6,WT7,WT7,WT7,T6,T6,T6,T6,H1T6,T6,T6,T6,T6,T6,WT7,WT7,WT7
WT7,WT7,T6,T6,WT7,T6,T6,T6,T6,T6,T6,T6,T6,T6,T6,WT7,WT7,WT7,T6,T6,T6,T6,T6,T6,T6,T6,T6,T6,T6,WT7,WT7,WT7
WT7,T6,T6,T6,T6,T6,S1T6,T6,WT7,T6,T6,T6,T6,T6,WT7,WT7,WT7,WT7,T6,T6,T6,T6,T6,T6,T6,T6,T6,T6,WT7,WT7,WT7,WT7
WT7,T6,T6,T6,T6,T6,T6,T6,T6,T6,T6,T6,T6,WT7,WT7,T6,T6,WT7,WT7,T6,T6,T6,T6,T6,T6,T6,T6,WT7,WT7,WT7,WT7,WT7
WT7,T6,WT7,T6,T6,S1T6,T6,T6,T6,T6,T6,WT7,T6,T6,T6,T6,T6,T6,WT7,WT7,T6,T6,T6,T6,T6,T6,WT7,WT7,WT7,WT7,WT7,WT7
WT7,T6,T6,T6,T6,T6,T6,WT7,T6,T6,T6,WT7,T6,T6,T6,S2T6,T6,T6,T6,WT7,T6,T6,T6,T6,T6,WT7,WT7,WT7,WT7,WT7,WT7,WT7
WT7,T6,T6,T6,WT7,T6,T6,T6,T6,T6,T6,WT7,T6,T6,T6,T6,T6,T6,T6,T6,T6,T6,T6,T6,WT7,WT7,WT7,WT7,WT7,WT7,T6,WT7
WT7,WT7,T6,T6,T6,T6,T6,T6,T6,T6,T6,WT7,T6,T6,T6,T6,T6,T6,T6,T6,T6,T6,T6,T6,WT7,WT7,WT7,WT7,WT7,WT7,T6,WT7
WT7,WT7,T6,T6,T6,WT7,WT7,WT7,WT7,WT7,WT7,WT7,WT7,WT7,WT7,WT7,WT7,WT7,WT7,WT7,WT7,WT7,T6,T6,WT7,WT7,WT7,WT7,WT7,T6,T6,WT7
WT7,WT7,WT7,T6,T6,T6,T6,T6,T6,T6,T6,T6,T6,T6,T6,T6,T6,T6,T6,T6,WT7,WT7,T6,T6,WT7,WT7,WT7,WT7,WT7,T6,T6,WT7
WT7,WT7,WT7,T6,T6,T6,T6,T6,T6,T6,T6,T6,T6,T6,T6,XT6,T6,T6,T6,WT7,WT7,WT7,T6,T6,T6,T6,T6,T6,T6,T6,T6,WT7
WT7,T6,WT7,WT7,T6,T6,T6,T6,T6,T6,T6,T6,T6,T6,T6,T6,T6,WT7,WT7,WT7,WT7,T6,T6,T6,T6,T6,T6,T6,T6,T6,T6,WT7
WT7,T6,WT7,WT7,T6,T6,T6,T6,WT7,WT7,WT7,WT7,WT7,WT7,WT7,WT7,WT7,WT7,WT7,WT7,T6,T6,T6,T6,T6,T6,T6,T6,T6,T6,WT7,WT7
WT7,T6,T6,WT7,WT7,O0T6,T6,WT7,WT7,WT7,WT7,WT7,WT7,WT7,WT7,WT7,WT7,WT7,T6,T6,T6,T6,T6,S2T6,T6,T6,T6,T6,T6,WT7,WT7,WT7
WT7,T6,T6,WT7,WT7,O0T6,WT7,WT7,WT7,WT7,T6,T6,T6,WT7,WT7,WT7,WT7,T6,T6,T6,T6,T6,T6,T6,T6,T6,T6,T6,WT7,WT7,WT7,WT7
WT7,T6,T6,T6,T6,T6,WT7,WT7,T6,T6,T6,T6,T6,T6,T6,WT7,WT7,T6,T6,T6,T6,T6,T6,T6,T6,T6,T6,WT7,WT7,WT7,WT7,WT7
WT7,T6,T6,T6,T6,T6,WT7,T6,T6,H1T6,T6,T6,T6,T6,T6,T6,WT7,T6,T6,T6,T6,T6,T6,T6,T6,T6,WT7,WT7,WT7,WT7,WT7,WT7
WT7,T6,S2T6,T6,T6,T6,WT7,T6,T6,T6,T6,T6,T6,S2T6,T6,T6,WT7,T6,T6,T6,T6,T6,T6,T6,T6,WT7,WT7,WT7,T6,T6,T6,WT7
WT7,T6,T6,T6,T6,T6,WT7,WT7,T6,T6,T6,T6,S2T6,T6,T6,WT7,WT7,T6,T6,T6,T6,T6,T6,T6,T6,WT7,WT7,WT7,T6,PT6,T6,WT7
WT7,T6,T6,T6,T6,T6,T6,WT7,WT7,WT7,T6,T6,T6,T6,T6,T6,T6,T6,T6,T6,T6,T6,T6,T6,T6,WT7,WT7,WT7,T6,T6,T6,WT7
WT7,T6,T6,T6,T6,T6,T6,T6,WT7,WT7,WT7,WT7,WT7,T6,T6,T6,T6,T6,T6,T6,T6,T6,T6,T6,WT7,WT7,WT7,WT7,T6,T6,T6,WT7
WT7,T6,T6,T6,T6,S2T6,T6,T6,T6,T6,WT7,WT7,T6,T6,T6,T6,T6,T6,T6,T6,T6,T6,T6,WT7,WT7,WT7,WT7,WT7,T6,T6,T6,WT7
WT7,T6,T6,T6,T6,T6,T6,T6,T6,T6,WT7,WT7,T6,T6,T6,T6,T6,T6,T6,T6,T6,T6,WT7,WT7,WT7,WT7,T6,T6,T6,T6,T6,WT7
WT7,T6,T6,T6,T6,T6,T6,T6,T6,WT7,WT7,WT7,WT7,T6,T6,T6,T6,T6,T6,T6,T6,WT7,WT7,WT7,WT7,WT7,T6,T6,T6,T6,T6,WT7
WT7,T6,T6,E1T6,T6,WT7,WT7,WT7,WT7,WT7,WT7,WT7,WT7,WT7,WT7,WT7,WT7,WT7,T6,T6,WT7,WT7,WT7,WT7,WT7,T6,T6,T6,T6,T6,T6,WT7
WT7,T6,T6,T6,T6,WT7,WT7,WT7,WT7,WT7,WT7,WT7,WT7,WT7,WT7,WT7,WT7,WT7,T6,T6,T6,T6,T6,T6,T6,T6,T6,T6,T6,T6,T6,WT7
WT7,WT7,T6,T6,T6,T6,T6,T6,T6,T6,T6,T6,T6,T6,T6,T6,T6,T6,T6,T6,T6,T6,T6,E2T6,T6,T6,T6,T6,T6,T6,WT7,WT7
WT7,WT7,WT7,T6,T6,T6,T6,T6,T6,T6,T6,T6,T6,T6,T6,T6,T6,T6,T6,T6,T6,T6,T6,T6,T6,T6,T6,T6,T6,WT7,WT7,WT7
WT7,WT7,WT7,WT7,T6,T6,T6,T6,T6,T6,T6,T6,T6,T6,T6,T6,T6,T6,T6,T6,T6,T6,T6,T6,T6,T6,T6,T6,WT7,WT7,WT7,WT7
WT7,WT7,WT7,WT7,WT7,WT7,WT7,WT7,WT7,WT7,WT7,WT7,WT7,WT7,WT7,WT7,WT7,WT7,WT7,WT7,WT7,WT7,WT7,WT7,WT7,WT7,WT7,WT7,WT7,WT7,WT7,WT7
